{
  "checkpoints": [
    "{\n  \"trainable_name\": \"train_tune\",\n  \"trial_id\": \"8018d_00000\",\n  \"config\": {\n    \"dataset_path\": \"../../data/raw/SemEval/\",\n    \"learning_rate\": 0.0010175931055835738,\n    \"batch_size\": 64,\n    \"epochs\": 2,\n    \"num_trials\": 1\n  },\n  \"local_dir\": \"/home/user/Documents/Github/Uni/Master/TUM_Praktikum_NLP_Explainability/understanding-opinions-on-social-media/logs/StancePrediction_SemEval/ray_results/version_60\",\n  \"evaluated_params\": {\n    \"learning_rate\": 0.0010175931055835738,\n    \"batch_size\": 64\n  },\n  \"experiment_tag\": \"0_batch_size=64,learning_rate=0.0010176\",\n  \"location\": {\n    \"_type\": \"CLOUDPICKLE_FALLBACK\",\n    \"value\": \"8005953a000000000000008c0e7261792e74756e652e747269616c948c084c6f636174696f6e9493942981947d94288c08686f73746e616d65944e8c03706964944e75622e\"\n  },\n  \"resources\": {\n    \"cpu\": 1,\n    \"gpu\": 0,\n    \"memory\": 0,\n    \"object_store_memory\": 0,\n    \"extra_cpu\": 0,\n    \"extra_gpu\": 0,\n    \"extra_memory\": 0,\n    \"extra_object_store_memory\": 0,\n    \"custom_resources\": {},\n    \"extra_custom_resources\": {}\n  },\n  \"placement_group_factory\": {\n    \"_type\": \"CLOUDPICKLE_FALLBACK\",\n    \"value\": \"800595b2000000000000008c1f7261792e74756e652e7574696c732e706c6163656d656e745f67726f757073948c15506c6163656d656e7447726f7570466163746f72799493942981947d94288c085f62756e646c6573945d947d94288c03435055944b018c03475055944b008c066d656d6f7279944b008c136f626a6563745f73746f72655f6d656d6f7279944b0075618c095f7374726174656779948c045041434b948c055f6172677394298c075f6b7761726773947d9475622e\"\n  },\n  \"stopping_criterion\": {},\n  \"log_to_file\": [\n    null,\n    null\n  ],\n  \"max_failures\": 0,\n  \"last_result\": {\n    \"loss\": 1.7643349170684814,\n    \"mean_F1\": 0.5681818127632141,\n    \"time_this_iter_s\": 229.2757065296173,\n    \"done\": true,\n    \"timesteps_total\": null,\n    \"episodes_total\": null,\n    \"training_iteration\": 2,\n    \"experiment_id\": \"cfa98e3c00c342bb8f7587011e340502\",\n    \"date\": \"2021-08-11_11-00-56\",\n    \"timestamp\": 1628672456,\n    \"time_total_s\": 486.1182551383972,\n    \"pid\": 196159,\n    \"hostname\": \"TP-X1-C7\",\n    \"node_ip\": \"192.168.178.75\",\n    \"config\": {\n      \"dataset_path\": \"../../data/raw/SemEval/\",\n      \"learning_rate\": 0.0010175931055835738,\n      \"batch_size\": 64,\n      \"epochs\": 2,\n      \"num_trials\": 1,\n      \"vocab_size\": 30522,\n      \"target_encoding\": {\n        \"0\": \"Atheism\",\n        \"1\": \"Climate Change is a Real Concern\",\n        \"2\": \"Feminist Movement\",\n        \"3\": \"Hillary Clinton\",\n        \"4\": \"Legalization of Abortion\"\n      },\n      \"stance_encoding\": {\n        \"0\": \"AGAINST\",\n        \"1\": \"FAVOR\",\n        \"2\": \"NONE\",\n        \"3\": \"UNKNOWN\"\n      }\n    },\n    \"time_since_restore\": 486.1182551383972,\n    \"timesteps_since_restore\": 0,\n    \"iterations_since_restore\": 2,\n    \"trial_id\": \"8018d_00000\",\n    \"experiment_tag\": \"0_batch_size=64,learning_rate=0.0010176\"\n  },\n  \"last_update_time\": 1628672456.060413,\n  \"metric_analysis\": {\n    \"loss\": {\n      \"max\": 1.9975742101669312,\n      \"min\": 1.7643349170684814,\n      \"avg\": 1.8809545636177063,\n      \"last\": 1.7643349170684814,\n      \"last-5-avg\": 1.8809545636177063,\n      \"last-10-avg\": 1.8809545636177063\n    },\n    \"mean_F1\": {\n      \"max\": 0.5681818127632141,\n      \"min\": 0.5180897116661072,\n      \"avg\": 0.5431357622146606,\n      \"last\": 0.5681818127632141,\n      \"last-5-avg\": 0.5431357622146606,\n      \"last-10-avg\": 0.5431357622146606\n    },\n    \"time_this_iter_s\": {\n      \"max\": 256.8425486087799,\n      \"min\": 229.2757065296173,\n      \"avg\": 243.0591275691986,\n      \"last\": 229.2757065296173,\n      \"last-5-avg\": 243.0591275691986,\n      \"last-10-avg\": 243.0591275691986\n    },\n    \"done\": {\n      \"max\": true,\n      \"min\": false,\n      \"avg\": 0.5,\n      \"last\": true,\n      \"last-5-avg\": 0.5,\n      \"last-10-avg\": 0.5\n    },\n    \"training_iteration\": {\n      \"max\": 2,\n      \"min\": 1,\n      \"avg\": 1.5,\n      \"last\": 2,\n      \"last-5-avg\": 1.5,\n      \"last-10-avg\": 1.5\n    },\n    \"timestamp\": {\n      \"max\": 1628672456,\n      \"min\": 1628672226,\n      \"avg\": 1628672341.0,\n      \"last\": 1628672456,\n      \"last-5-avg\": 1628672341.0,\n      \"last-10-avg\": 1628672341.0\n    },\n    \"time_total_s\": {\n      \"max\": 486.1182551383972,\n      \"min\": 256.8425486087799,\n      \"avg\": 371.48040187358856,\n      \"last\": 486.1182551383972,\n      \"last-5-avg\": 371.48040187358856,\n      \"last-10-avg\": 371.48040187358856\n    },\n    \"pid\": {\n      \"max\": 196159,\n      \"min\": 196159,\n      \"avg\": 196159.0,\n      \"last\": 196159,\n      \"last-5-avg\": 196159.0,\n      \"last-10-avg\": 196159.0\n    },\n    \"time_since_restore\": {\n      \"max\": 486.1182551383972,\n      \"min\": 256.8425486087799,\n      \"avg\": 371.48040187358856,\n      \"last\": 486.1182551383972,\n      \"last-5-avg\": 371.48040187358856,\n      \"last-10-avg\": 371.48040187358856\n    },\n    \"timesteps_since_restore\": {\n      \"max\": 0,\n      \"min\": 0,\n      \"avg\": 0.0,\n      \"last\": 0,\n      \"last-5-avg\": 0.0,\n      \"last-10-avg\": 0.0\n    },\n    \"iterations_since_restore\": {\n      \"max\": 2,\n      \"min\": 1,\n      \"avg\": 1.5,\n      \"last\": 2,\n      \"last-5-avg\": 1.5,\n      \"last-10-avg\": 1.5\n    },\n    \"config/learning_rate\": {\n      \"max\": 0.0010175931055835738,\n      \"min\": 0.0010175931055835738,\n      \"avg\": 0.0010175931055835738,\n      \"last\": 0.0010175931055835738,\n      \"last-5-avg\": 0.0010175931055835738,\n      \"last-10-avg\": 0.0010175931055835738\n    },\n    \"config/batch_size\": {\n      \"max\": 64,\n      \"min\": 64,\n      \"avg\": 64.0,\n      \"last\": 64,\n      \"last-5-avg\": 64.0,\n      \"last-10-avg\": 64.0\n    },\n    \"config/epochs\": {\n      \"max\": 2,\n      \"min\": 2,\n      \"avg\": 2.0,\n      \"last\": 2,\n      \"last-5-avg\": 2.0,\n      \"last-10-avg\": 2.0\n    },\n    \"config/num_trials\": {\n      \"max\": 1,\n      \"min\": 1,\n      \"avg\": 1.0,\n      \"last\": 1,\n      \"last-5-avg\": 1.0,\n      \"last-10-avg\": 1.0\n    },\n    \"config/vocab_size\": {\n      \"max\": 30522,\n      \"min\": 30522,\n      \"avg\": 30522.0,\n      \"last\": 30522,\n      \"last-5-avg\": 30522.0,\n      \"last-10-avg\": 30522.0\n    }\n  },\n  \"n_steps\": [\n    5,\n    10\n  ],\n  \"metric_n_steps\": {\n    \"loss\": {\n      \"5\": {\n        \"_type\": \"CLOUDPICKLE_FALLBACK\",\n        \"value\": \"80059534000000000000008c0b636f6c6c656374696f6e73948c056465717565949394294b058694529428473ffff61060000000473ffc3ab740000000652e\"\n      },\n      \"10\": {\n        \"_type\": \"CLOUDPICKLE_FALLBACK\",\n        \"value\": \"80059534000000000000008c0b636f6c6c656374696f6e73948c056465717565949394294b0a8694529428473ffff61060000000473ffc3ab740000000652e\"\n      }\n    },\n    \"mean_F1\": {\n      \"5\": {\n        \"_type\": \"CLOUDPICKLE_FALLBACK\",\n        \"value\": \"80059534000000000000008c0b636f6c6c656374696f6e73948c056465717565949394294b058694529428473fe09430e0000000473fe22e8ba0000000652e\"\n      },\n      \"10\": {\n        \"_type\": \"CLOUDPICKLE_FALLBACK\",\n        \"value\": \"80059534000000000000008c0b636f6c6c656374696f6e73948c056465717565949394294b0a8694529428473fe09430e0000000473fe22e8ba0000000652e\"\n      }\n    },\n    \"time_this_iter_s\": {\n      \"5\": {\n        \"_type\": \"CLOUDPICKLE_FALLBACK\",\n        \"value\": \"80059534000000000000008c0b636f6c6c656374696f6e73948c056465717565949394294b0586945294284740700d7b1440000047406ca8d296800000652e\"\n      },\n      \"10\": {\n        \"_type\": \"CLOUDPICKLE_FALLBACK\",\n        \"value\": 