{
  "checkpoints": [
    "{\n  \"trainable_name\": \"train_tune\",\n  \"trial_id\": \"eb98a_00000\",\n  \"config\": {\n    \"dataset_path\": \"../../data/raw/SemEval/\",\n    \"learning_rate\": 0.001273599006558383,\n    \"batch_size\": 64,\n    \"epochs\": 1,\n    \"num_trials\": 1\n  },\n  \"local_dir\": \"/home/user/Documents/Github/Uni/Master/TUM_Praktikum_NLP_Explainability/understanding-opinions-on-social-media/logs/StancePrediction_SemEval/ray_results/version_5\",\n  \"evaluated_params\": {\n    \"learning_rate\": 0.001273599006558383,\n    \"batch_size\": 64\n  },\n  \"experiment_tag\": \"0_batch_size=64,learning_rate=0.0012736\",\n  \"location\": {\n    \"_type\": \"CLOUDPICKLE_FALLBACK\",\n    \"value\": \"8005953a000000000000008c0e7261792e74756e652e747269616c948c084c6f636174696f6e9493942981947d94288c08686f73746e616d65944e8c03706964944e75622e\"\n  },\n  \"resources\": {\n    \"cpu\": 1,\n    \"gpu\": 0,\n    \"memory\": 0,\n    \"object_store_memory\": 0,\n    \"extra_cpu\": 0,\n    \"extra_gpu\": 0,\n    \"extra_memory\": 0,\n    \"extra_object_store_memory\": 0,\n    \"custom_resources\": {},\n    \"extra_custom_resources\": {}\n  },\n  \"placement_group_factory\": {\n    \"_type\": \"CLOUDPICKLE_FALLBACK\",\n    \"value\": \"800595b2000000000000008c1f7261792e74756e652e7574696c732e706c6163656d656e745f67726f757073948c15506c6163656d656e7447726f7570466163746f72799493942981947d94288c085f62756e646c6573945d947d94288c03435055944b018c03475055944b008c066d656d6f7279944b008c136f626a6563745f73746f72655f6d656d6f7279944b0075618c095f7374726174656779948c045041434b948c055f6172677394298c075f6b7761726773947d9475622e\"\n  },\n  \"stopping_criterion\": {},\n  \"log_to_file\": [\n    null,\n    null\n  ],\n  \"max_failures\": 0,\n  \"last_result\": {\n    \"loss\": 1.953100323677063,\n    \"mean_F1\": 0.5072358846664429,\n    \"time_this_iter_s\": 92.29674410820007,\n    \"done\": true,\n    \"timesteps_total\": null,\n    \"episodes_total\": null,\n    \"training_iteration\": 1,\n    \"experiment_id\": \"eb6e89e50d4c443191fe9005562dc0d8\",\n    \"date\": \"2021-06-30_10-06-55\",\n    \"timestamp\": 1625040415,\n    \"time_total_s\": 92.29674410820007,\n    \"pid\": 83801,\n    \"hostname\": \"TP-X1-C7\",\n    \"node_ip\": \"192.168.178.28\",\n    \"config\": {\n      \"dataset_path\": \"../../data/raw/SemEval/\",\n      \"learning_rate\": 0.001273599006558383,\n      \"batch_size\": 64,\n      \"epochs\": 1,\n      \"num_trials\": 1,\n      \"vocab_size\": 30522,\n      \"target_encoding\": {\n        \"0\": \"Atheism\",\n        \"1\": \"Climate Change is a Real Concern\",\n        \"2\": \"Feminist Movement\",\n        \"3\": \"Hillary Clinton\",\n        \"4\": \"Legalization of Abortion\"\n      },\n      \"stance_encoding\": {\n        \"0\": \"AGAINST\",\n        \"1\": \"FAVOR\",\n        \"2\": \"NONE\",\n        \"3\": \"UNKNOWN\"\n      }\n    },\n    \"time_since_restore\": 92.29674410820007,\n    \"timesteps_since_restore\": 0,\n    \"iterations_since_restore\": 1,\n    \"trial_id\": \"eb98a_00000\",\n    \"experiment_tag\": \"0_batch_size=64,learning_rate=0.0012736\"\n  },\n  \"last_update_time\": 1625040415.8541744,\n  \"metric_analysis\": {\n    \"loss\": {\n      \"max\": 1.953100323677063,\n      \"min\": 1.953100323677063,\n      \"avg\": 1.953100323677063,\n      \"last\": 1.953100323677063,\n      \"last-5-avg\": 1.953100323677063,\n      \"last-10-avg\": 1.953100323677063\n    },\n    \"mean_F1\": {\n      \"max\": 0.5072358846664429,\n      \"min\": 0.5072358846664429,\n      \"avg\": 0.5072358846664429,\n      \"last\": 0.5072358846664429,\n      \"last-5-avg\": 0.5072358846664429,\n      \"last-10-avg\": 0.5072358846664429\n    },\n    \"time_this_iter_s\": {\n      \"max\": 92.29674410820007,\n      \"min\": 92.29674410820007,\n      \"avg\": 92.29674410820007,\n      \"last\": 92.29674410820007,\n      \"last-5-avg\": 92.29674410820007,\n      \"last-10-avg\": 92.29674410820007\n    },\n    \"done\": {\n      \"max\": false,\n      \"min\": false,\n      \"avg\": false,\n      \"last\": false,\n      \"last-5-avg\": false,\n      \"last-10-avg\": false\n    },\n    \"training_iteration\": {\n      \"max\": 1,\n      \"min\": 1,\n      \"avg\": 1,\n      \"last\": 1,\n      \"last-5-avg\": 1,\n      \"last-10-avg\": 1\n    },\n    \"timestamp\": {\n      \"max\": 1625040415,\n      \"min\": 1625040415,\n      \"avg\": 1625040415,\n      \"last\": 1625040415,\n      \"last-5-avg\": 1625040415,\n      \"last-10-avg\": 1625040415\n    },\n    \"time_total_s\": {\n      \"max\": 92.29674410820007,\n      \"min\": 92.29674410820007,\n      \"avg\": 92.29674410820007,\n      \"last\": 92.29674410820007,\n      \"last-5-avg\": 92.29674410820007,\n      \"last-10-avg\": 92.29674410820007\n    },\n    \"pid\": {\n      \"max\": 83801,\n      \"min\": 83801,\n      \"avg\": 83801,\n      \"last\": 83801,\n      \"last-5-avg\": 83801,\n      \"last-10-avg\": 83801\n    },\n    \"time_since_restore\": {\n      \"max\": 92.29674410820007,\n      \"min\": 92.29674410820007,\n      \"avg\": 92.29674410820007,\n      \"last\": 92.29674410820007,\n      \"last-5-avg\": 92.29674410820007,\n      \"last-10-avg\": 92.29674410820007\n    },\n    \"timesteps_since_restore\": {\n      \"max\": 0,\n      \"min\": 0,\n      \"avg\": 0,\n      \"last\": 0,\n      \"last-5-avg\": 0,\n      \"last-10-avg\": 0\n    },\n    \"iterations_since_restore\": {\n      \"max\": 1,\n      \"min\": 1,\n      \"avg\": 1,\n      \"last\": 1,\n      \"last-5-avg\": 1,\n      \"last-10-avg\": 1\n    },\n    \"config/learning_rate\": {\n      \"max\": 0.001273599006558383,\n      \"min\": 0.001273599006558383,\n      \"avg\": 0.001273599006558383,\n      \"last\": 0.001273599006558383,\n      \"last-5-avg\": 0.001273599006558383,\n      \"last-10-avg\": 0.001273599006558383\n    },\n    \"config/batch_size\": {\n      \"max\": 64,\n      \"min\": 64,\n      \"avg\": 64,\n      \"last\": 64,\n      \"last-5-avg\": 64,\n      \"last-10-avg\": 64\n    },\n    \"config/epochs\": {\n      \"max\": 1,\n      \"min\": 1,\n      \"avg\": 1,\n      \"last\": 1,\n      \"last-5-avg\": 1,\n      \"last-10-avg\": 1\n    },\n    \"config/num_trials\": {\n      \"max\": 1,\n      \"min\": 1,\n      \"avg\": 1,\n      \"last\": 1,\n      \"last-5-avg\": 1,\n      \"last-10-avg\": 1\n    },\n    \"config/vocab_size\": {\n      \"max\": 30522,\n      \"min\": 30522,\n      \"avg\": 30522,\n      \"last\": 30522,\n      \"last-5-avg\": 30522,\n      \"last-10-avg\": 30522\n    }\n  },\n  \"n_steps\": [\n    5,\n    10\n  ],\n  \"metric_n_steps\": {\n    \"loss\": {\n      \"5\": {\n        \"_type\": \"CLOUDPICKLE_FALLBACK\",\n        \"value\": \"8005952a000000000000008c0b636f6c6c656374696f6e73948c056465717565949394294b0586945294473fff3fe620000000612e\"\n      },\n      \"10\": {\n        \"_type\": \"CLOUDPICKLE_FALLBACK\",\n        \"value\": \"8005952a000000000000008c0b636f6c6c656374696f6e73948c056465717565949394294b0a86945294473fff3fe620000000612e\"\n      }\n    },\n    \"mean_F1\": {\n      \"5\": {\n        \"_type\": \"CLOUDPICKLE_FALLBACK\",\n        \"value\": \"8005952a000000000000008c0b636f6c6c656374696f6e73948c056465717565949394294b0586945294473fe03b46c0000000612e\"\n      },\n      \"10\": {\n        \"_type\": \"CLOUDPICKLE_FALLBACK\",\n        \"value\": \"8005952a000000000000008c0b636f6c6c656374696f6e73948c056465717565949394294b0a86945294473fe03b46c0000000612e\"\n      }\n    },\n    \"time_this_iter_s\": {\n      \"5\": {\n        \"_type\": \"CLOUDPICKLE_FALLBACK\",\n        \"value\": \"8005952a000000000000008c0b636f6c6c656374696f6e73948c056465717565949394294b058694529447405712fddb000000612e\"\n      },\n      \"10\": {\n        \"_type\": \"CLOUDPICKLE_FALLBACK\",\n        \"value\": \"8005952a000000000000008c0b636f6c6c656374696f6e73948c056465717565949394294b0a8694529447405712fddb000000612e\"\n      }\n    },\n    \"done\": {\n      \"5\": {\n        \"_type\": 